filename,workload,bytes,zenodo_md5,sha256,downloaded,source_url,doi,record
600.perlbench_s-1273B.champsimtrace.xz,600.perlbench,145497980,eff9e488f6d50b4eb470ff26f70fa053,,no,https://zenodo.org/api/records/10960004/files/600.perlbench_s-1273B.champsimtrace.xz/content,10.5281/zenodo.10960004,10960004
600.perlbench_s-210B.champsimtrace.xz,600.perlbench,155413040,8ac40f7348a25fb15f3f3fcd8f3bc2f2,,no,https://zenodo.org/api/records/10960004/files/600.perlbench_s-210B.champsimtrace.xz/content,10.5281/zenodo.10960004,10960004
600.perlbench_s-570B.champsimtrace.xz,600.perlbench,153792992,1fb27aed6d81a0bc9b884d5b6112f3cf,,no,https://zenodo.org/api/records/10960004/files/600.perlbench_s-570B.champsimtrace.xz/content,10.5281/zenodo.10960004,10960004
602.gcc_s-1850B.champsimtrace.xz,602.gcc,704840332,a01fb04176deecb0a2bcdfc1fef62615,,no,https://zenodo.org/api/records/10960004/files/602.gcc_s-1850B.champsimtrace.xz/content,10.5281/zenodo.10960004,10960004
602.gcc_s-2226B.champsimtrace.xz,602.gcc,872166372,b39ebc6bec73f8c02fe3cb84ef2bb1a8,,no,https://zenodo.org/api/records/10960004/files/602.gcc_s-2226B.champsimtrace.xz/content,10.5281/zenodo.10960004,10960004
602.gcc_s-2375B.champsimtrace.xz,602.gcc,514153920,27638f06e30eb21c67a50f8c87953243,,no,https://zenodo.org/api/records/10960004/files/602.gcc_s-2375B.champsimtrace.xz/content,10.5281/zenodo.10960004,10960004
602.gcc_s-734B.champsimtrace.xz,602.gcc,368694692,f3b5fb7301a2ee4d611148e99b6883ad,,no,https://zenodo.org/api/records/10960004/files/602.gcc_s-734B.champsimtrace.xz/content,10.5281/zenodo.10960004,10960004
603.bwaves_s-1080B.champsimtrace.xz,603.bwaves,39621648,be58dacc16693966af732e3cf2b314a6,,no,https://zenodo.org/api/records/10960004/files/603.bwaves_s-1080B.champsimtrace.xz/content,10.5281/zenodo.10960004,10960004
603.bwaves_s-1740B.champsimtrace.xz,603.bwaves,386279332,0831b9859ec3639fa46c1464bd3b8a25,,no,https://zenodo.org/api/records/10960004/files/603.bwaves_s-1740B.champsimtrace.xz/content,10.5281/zenodo.10960004,10960004
603.bwaves_s-2609B.champsimtrace.xz,603.bwaves,386254828,14ac8ffc0a45bc60e1ab1319533cfcfd,,no,https://zenodo.org/api/records/10960004/files/603.bwaves_s-2609B.champsimtrace.xz/content,10.5281/zenodo.10960004,10960004
603.bwaves_s-2931B.champsimtrace.xz,603.bwaves,345841820,7cffc18e7100f7eb0346b809f162f3f9,,no,https://zenodo.org/api/records/10960004/files/603.bwaves_s-2931B.champsimtrace.xz/content,10.5281/zenodo.10960004,10960004
603.bwaves_s-3699B.champsimtrace.xz,603.bwaves,34878376,122deccaa020cbeef7764c6262c0114a,,no,https://zenodo.org/api/records/10960004/files/603.bwaves_s-3699B.champsimtrace.xz/content,10.5281/zenodo.10960004,10960004
603.bwaves_s-5359B.champsimtrace.xz,603.bwaves,32233972,85f149b323cb0dcddbd988c58b305233,,no,https://zenodo.org/api/records/10960004/files/603.bwaves_s-5359B.champsimtrace.xz/content,10.5281/zenodo.10960004,10960004
603.bwaves_s-891B.champsimtrace.xz,603.bwaves,413228556,8efc36ccea124820ca883d591e3825c5,,no,https://zenodo.org/api/records/10960004/files/603.bwaves_s-891B.champsimtrace.xz/content,10.5281/zenodo.10960004,10960004
605.mcf_s-1152B.champsimtrace.xz,605.mcf,1049234404,b2a44b59bbc054008c420de77b17cf42,,no,https://zenodo.org/api/records/10960004/files/605.mcf_s-1152B.champsimtrace.xz/content,10.5281/zenodo.10960004,10960004
605.mcf_s-1536B.champsimtrace.xz,605.mcf,325027976,73f39eb04b096dc6a054c7850c7f4e03,,no,https://zenodo.org/api/records/10960004/files/605.mcf_s-1536B.champsimtrace.xz/content,10.5281/zenodo.10960004,10960004
605.mcf_s-1554B.champsimtrace.xz,605.mcf,166232292,8d1a93a0ff848a4de9b2f73020fe48b5,,no,https://zenodo.org/api/records/10960004/files/605.mcf_s-1554B.champsimtrace.xz/content,10.5281/zenodo.10960004,10960004
605.mcf_s-1644B.champsimtrace.xz,605.mcf,1059607008,13f962a02bf237bf60eded40d3f28ecd,,no,https://zenodo.org/api/records/10960004/files/605.mcf_s-1644B.champsimtrace.xz/content,10.5281/zenodo.10960004,10960004
605.mcf_s-472B.champsimtrace.xz,605.mcf,366345448,6926976432279386c1ddccfec3c031b7,,no,https://zenodo.org/api/records/10960004/files/605.mcf_s-472B.champsimtrace.xz/content,10.5281/zenodo.10960004,10960004
605.mcf_s-484B.champsimtrace.xz,605.mcf,395565560,491fd95d8635ca9fa74a9d3c2356f21a,,no,https://zenodo.org/api/records/10960004/files/605.mcf_s-484B.champsimtrace.xz/content,10.5281/zenodo.10960004,10960004
605.mcf_s-665B.champsimtrace.xz,605.mcf,1024276764,8d9a5df0b7dc827639063f7fc95c1c0a,,no,https://zenodo.org/api/records/10960004/files/605.mcf_s-665B.champsimtrace.xz/content,10.5281/zenodo.10960004,10960004
605.mcf_s-782B.champsimtrace.xz,605.mcf,1325920572,e431ca2e7b393d03e2d2a14eec808183,,no,https://zenodo.org/api/records/10960004/files/605.mcf_s-782B.champsimtrace.xz/content,10.5281/zenodo.10960004,10960004
605.mcf_s-994B.champsimtrace.xz,605.mcf,697584448,67aacc9840122a1df52afe8dd438d2ac,,no,https://zenodo.org/api/records/10960004/files/605.mcf_s-994B.champsimtrace.xz/content,10.5281/zenodo.10960004,10960004
607.cactuBSSN_s-2421B.champsimtrace.xz,607.cactuBSSN,257158316,8030545e6ef2ca9d95d2e2bdcc737b60,,no,https://zenodo.org/api/records/10960004/files/607.cactuBSSN_s-2421B.champsimtrace.xz/content,10.5281/zenodo.10960004,10960004
607.cactuBSSN_s-3477B.champsimtrace.xz,607.cactuBSSN,228207588,7d30808db6bcdf9cb9aced094dda7e2a,,no,https://zenodo.org/api/records/10960004/files/607.cactuBSSN_s-3477B.champsimtrace.xz/content,10.5281/zenodo.10960004,10960004
607.cactuBSSN_s-4004B.champsimtrace.xz,607.cactuBSSN,230213016,e65329be8b239ce149db7bc33b662598,,no,https://zenodo.org/api/records/10960004/files/607.cactuBSSN_s-4004B.champsimtrace.xz/content,10.5281/zenodo.10960004,10960004
607.cactuBSSN_s-4248B.champsimtrace.xz,607.cactuBSSN,45110368,85fd4589e51990623f34aec9fb9cebde,,no,https://zenodo.org/api/records/10960004/files/607.cactuBSSN_s-4248B.champsimtrace.xz/content,10.5281/zenodo.10960004,10960004
619.lbm_s-2676B.champsimtrace.xz,619.lbm,771515968,840647f7f95bae3c6c85cc494b25b10e,,no,https://zenodo.org/api/records/10960004/files/619.lbm_s-2676B.champsimtrace.xz/content,10.5281/zenodo.10960004,10960004
619.lbm_s-2677B.champsimtrace.xz,619.lbm,795860496,62b0893db116469a4305665c5c8add6f,,no,https://zenodo.org/api/records/10960004/files/619.lbm_s-2677B.champsimtrace.xz/content,10.5281/zenodo.10960004,10960004
619.lbm_s-3766B.champsimtrace.xz,619.lbm,846423300,800972ee67b5ceeb9839c23d56287c2a,,no,https://zenodo.org/api/records/10960004/files/619.lbm_s-3766B.champsimtrace.xz/content,10.5281/zenodo.10960004,10960004
619.lbm_s-4268B.champsimtrace.xz,619.lbm,773592004,a097388ae329139e1d68470d32b2e107,,no,https://zenodo.org/api/records/10960004/files/619.lbm_s-4268B.champsimtrace.xz/content,10.5281/zenodo.10960004,10960004
620.omnetpp_s-141B.champsimtrace.xz,620.omnetpp,831638400,6cdf4692ff2aa502299521e85d25601f,,no,https://zenodo.org/api/records/10960004/files/620.omnetpp_s-141B.champsimtrace.xz/content,10.5281/zenodo.10960004,10960004
620.omnetpp_s-874B.champsimtrace.xz,620.omnetpp,802283392,533f98aefe9d14ec61d94eabb8cb37df,,no,https://zenodo.org/api/records/10960004/files/620.omnetpp_s-874B.champsimtrace.xz/content,10.5281/zenodo.10960004,10960004
621.wrf_s-575B.champsimtrace.xz,621.wrf,352781824,5ec5bd634b05a01564934290ab304a19,,no,https://zenodo.org/api/records/10960004/files/621.wrf_s-575B.champsimtrace.xz/content,10.5281/zenodo.10960004,10960004
621.wrf_s-6673B.champsimtrace.xz,621.wrf,282002788,b3f103221b991acfa4df0e1aa8722405,,no,https://zenodo.org/api/records/10960004/files/621.wrf_s-6673B.champsimtrace.xz/content,10.5281/zenodo.10960004,10960004
621.wrf_s-8065B.champsimtrace.xz,621.wrf,302070868,9b9e1c74c8ac5fd71ba269a846c04b52,,no,https://zenodo.org/api/records/10960004/files/621.wrf_s-8065B.champsimtrace.xz/content,10.5281/zenodo.10960004,10960004
621.wrf_s-8100B.champsimtrace.xz,621.wrf,275048256,27305ea1667982321a49b05cb31d5a16,,no,https://zenodo.org/api/records/10960004/files/621.wrf_s-8100B.champsimtrace.xz/content,10.5281/zenodo.10960004,10960004
623.xalancbmk_s-10B.champsimtrace.xz,623.xalancbmk,585081904,3b16f6c9d3586f75156fd3ee2bae16fb,,no,https://zenodo.org/api/records/10960004/files/623.xalancbmk_s-10B.champsimtrace.xz/content,10.5281/zenodo.10960004,10960004
623.xalancbmk_s-165B.champsimtrace.xz,623.xalancbmk,143206804,dbc3cb4936d5b7343a91c61e7eb0bfb1,,no,https://zenodo.org/api/records/10960004/files/623.xalancbmk_s-165B.champsimtrace.xz/content,10.5281/zenodo.10960004,10960004
623.xalancbmk_s-202B.champsimtrace.xz,623.xalancbmk,176444200,fc4f26ba3360a16f6702f70efb5b8426,,no,https://zenodo.org/api/records/10960004/files/623.xalancbmk_s-202B.champsimtrace.xz/content,10.5281/zenodo.10960004,10960004
623.xalancbmk_s-325B.champsimtrace.xz,623.xalancbmk,171839520,8a7a5e3251cff8233202022d842ac3f2,,no,https://zenodo.org/api/records/10960004/files/623.xalancbmk_s-325B.champsimtrace.xz/content,10.5281/zenodo.10960004,10960004
623.xalancbmk_s-592B.champsimtrace.xz,623.xalancbmk,140053096,1863b2de767dd5f65e636a386e611405,,no,https://zenodo.org/api/records/10960004/files/623.xalancbmk_s-592B.champsimtrace.xz/content,10.5281/zenodo.10960004,10960004
623.xalancbmk_s-700B.champsimtrace.xz,623.xalancbmk,160985836,8b312cfaa596cd2abb16ff6a25f9f737,,no,https://zenodo.org/api/records/10960004/files/623.xalancbmk_s-700B.champsimtrace.xz/content,10.5281/zenodo.10960004,10960004
625.x264_s-12B.champsimtrace.xz,625.x264,247381572,9fff2d0c19e2d6af4883700c37026306,,no,https://zenodo.org/api/records/10960004/files/625.x264_s-12B.champsimtrace.xz/content,10.5281/zenodo.10960004,10960004
625.x264_s-18B.champsimtrace.xz,625.x264,246485236,8c2f778998e9b784225bcc2e9517b48d,,no,https://zenodo.org/api/records/10960004/files/625.x264_s-18B.champsimtrace.xz/content,10.5281/zenodo.10960004,10960004
625.x264_s-20B.champsimtrace.xz,625.x264,227538804,a88f40c392c0f64080c2f6dfbb1a9bc2,,no,https://zenodo.org/api/records/10960004/files/625.x264_s-20B.champsimtrace.xz/content,10.5281/zenodo.10960004,10960004
625.x264_s-33B.champsimtrace.xz,625.x264,245095292,b1ef0b2753a275a61f7efa9a8a009365,,no,https://zenodo.org/api/records/10960004/files/625.x264_s-33B.champsimtrace.xz/content,10.5281/zenodo.10960004,10960004
625.x264_s-39B.champsimtrace.xz,625.x264,267785396,10b2471f5167625ea38a482ed5e81daa,,no,https://zenodo.org/api/records/10960004/files/625.x264_s-39B.champsimtrace.xz/content,10.5281/zenodo.10960004,10960004
627.cam4_s-490B.champsimtrace.xz,627.cam4,394299620,4c8247b1ccf2e60ebb76f37d278009cc,,no,https://zenodo.org/api/records/10960004/files/627.cam4_s-490B.champsimtrace.xz/content,10.5281/zenodo.10960004,10960004
627.cam4_s-573B.champsimtrace.xz,627.cam4,151870320,bb01996fa95878bd70a909a99e4135f0,,no,https://zenodo.org/api/records/10960004/files/627.cam4_s-573B.champsimtrace.xz/content,10.5281/zenodo.10960004,10960004
628.pop2_s-17B.champsimtrace.xz,628.pop2,313990504,db580bd8e9ca38c5805772b9e6436d12,,no,https://zenodo.org/api/records/10960004/files/628.pop2_s-17B.champsimtrace.xz/content,10.5281/zenodo.10960004,10960004
631.deepsjeng_s-928B.champsimtrace.xz,631.deepsjeng,266293532,823e5fdcf5256683f8d9714e4a34a9ca,,no,https://zenodo.org/api/records/10960004/files/631.deepsjeng_s-928B.champsimtrace.xz/content,10.5281/zenodo.10960004,10960004
638.imagick_s-10316B.champsimtrace.xz,638.imagick,110796032,6c06f1084b5e647f6cbbf510e2684f1f,,no,https://zenodo.org/api/records/10960004/files/638.imagick_s-10316B.champsimtrace.xz/content,10.5281/zenodo.10960004,10960004
638.imagick_s-4128B.champsimtrace.xz,638.imagick,50679132,ed67c3d3df7889c508f11b0837f96b8c,,no,https://zenodo.org/api/records/10960004/files/638.imagick_s-4128B.champsimtrace.xz/content,10.5281/zenodo.10960004,10960004
638.imagick_s-824B.champsimtrace.xz,638.imagick,59524696,fd4b5a944a456d69495b13a6f76d08e4,,no,https://zenodo.org/api/records/10960004/files/638.imagick_s-824B.champsimtrace.xz/content,10.5281/zenodo.10960004,10960004
641.leela_s-1052B.champsimtrace.xz,641.leela,407406940,71c34079b776d2483894c5d18a5e3581,,no,https://zenodo.org/api/records/10960004/files/641.leela_s-1052B.champsimtrace.xz/content,10.5281/zenodo.10960004,10960004
641.leela_s-1083B.champsimtrace.xz,641.leela,406096292,a7175d247c7dddffc3e2379fac6cc4f6,,no,https://zenodo.org/api/records/10960004/files/641.leela_s-1083B.champsimtrace.xz/content,10.5281/zenodo.10960004,10960004
641.leela_s-149B.champsimtrace.xz,641.leela,333508868,934f4331c89dae744e9206fdbe658064,,no,https://zenodo.org/api/records/10960004/files/641.leela_s-149B.champsimtrace.xz/content,10.5281/zenodo.10960004,10960004
641.leela_s-334B.champsimtrace.xz,641.leela,250383304,e955331bff1597d6daad1dbd522c4db6,,no,https://zenodo.org/api/records/10960004/files/641.leela_s-334B.champsimtrace.xz/content,10.5281/zenodo.10960004,10960004
641.leela_s-602B.champsimtrace.xz,641.leela,307277588,f593fe5bc590e24900834e5234ee28e6,,no,https://zenodo.org/api/records/10960004/files/641.leela_s-602B.champsimtrace.xz/content,10.5281/zenodo.10960004,10960004
641.leela_s-800B.champsimtrace.xz,641.leela,423774804,462289ec0f5727abcc815eab57123095,,no,https://zenodo.org/api/records/10960004/files/641.leela_s-800B.champsimtrace.xz/content,10.5281/zenodo.10960004,10960004
641.leela_s-862B.champsimtrace.xz,641.leela,419686708,8f68deb322daa3394c2f51f07604b949,,no,https://zenodo.org/api/records/10960004/files/641.leela_s-862B.champsimtrace.xz/content,10.5281/zenodo.10960004,10960004
644.nab_s-12459B.champsimtrace.xz,644.nab,286225472,e3f02fc25334d2c83f33151b6c7ca773,,no,https://zenodo.org/api/records/10960004/files/644.nab_s-12459B.champsimtrace.xz/content,10.5281/zenodo.10960004,10960004
644.nab_s-12521B.champsimtrace.xz,644.nab,135574004,1b3852dbfd9bea09ec83cd9a41030cd7,,no,https://zenodo.org/api/records/10960004/files/644.nab_s-12521B.champsimtrace.xz/content,10.5281/zenodo.10960004,10960004
644.nab_s-5853B.champsimtrace.xz,644.nab,123540036,617ed8cc9f5563077136725680fe0964,,no,https://zenodo.org/api/records/10960004/files/644.nab_s-5853B.champsimtrace.xz/content,10.5281/zenodo.10960004,10960004
644.nab_s-7928B.champsimtrace.xz,644.nab,114622628,f0835acc1b7b668243e98e88cf4cddf6,,no,https://zenodo.org/api/records/10960004/files/644.nab_s-7928B.champsimtrace.xz/content,10.5281/zenodo.10960004,10960004
644.nab_s-9322B.champsimtrace.xz,644.nab,134916292,a6214cb70a929dad7cf4e75fd857cc0a,,no,https://zenodo.org/api/records/10960004/files/644.nab_s-9322B.champsimtrace.xz/content,10.5281/zenodo.10960004,10960004
648.exchange2_s-1227B.champsimtrace.xz,648.exchange2,70269432,1f8aaf3702c31387a5a578d6313df43e,,no,https://zenodo.org/api/records/10960004/files/648.exchange2_s-1227B.champsimtrace.xz/content,10.5281/zenodo.10960004,10960004
648.exchange2_s-1247B.champsimtrace.xz,648.exchange2,56632108,b3c8ddce0512e1ddf77c20af7e77f634,,no,https://zenodo.org/api/records/10960004/files/648.exchange2_s-1247B.champsimtrace.xz/content,10.5281/zenodo.10960004,10960004
648.exchange2_s-1511B.champsimtrace.xz,648.exchange2,55470860,8f42cb8683e853dbef526d6b7a3be639,,no,https://zenodo.org/api/records/10960004/files/648.exchange2_s-1511B.champsimtrace.xz/content,10.5281/zenodo.10960004,10960004
648.exchange2_s-1699B.champsimtrace.xz,648.exchange2,46655880,f4a98a6a65b3431c83ed040e6efb2956,,no,https://zenodo.org/api/records/10960004/files/648.exchange2_s-1699B.champsimtrace.xz/content,10.5281/zenodo.10960004,10960004
648.exchange2_s-1712B.champsimtrace.xz,648.exchange2,50460760,aef8988198e996c82bb9d535aac437dc,,no,https://zenodo.org/api/records/10960004/files/648.exchange2_s-1712B.champsimtrace.xz/content,10.5281/zenodo.10960004,10960004
648.exchange2_s-210B.champsimtrace.xz,648.exchange2,49649944,01e87200c2c83af8e37294487d25ae40,,no,https://zenodo.org/api/records/10960004/files/648.exchange2_s-210B.champsimtrace.xz/content,10.5281/zenodo.10960004,10960004
648.exchange2_s-353B.champsimtrace.xz,648.exchange2,58061044,1287dedf28e90741e3ac87821bf3789b,,no,https://zenodo.org/api/records/10960004/files/648.exchange2_s-353B.champsimtrace.xz/content,10.5281/zenodo.10960004,10960004
648.exchange2_s-387B.champsimtrace.xz,648.exchange2,148035496,7af63ece7c671ed441b807197d19c340,,no,https://zenodo.org/api/records/10960004/files/648.exchange2_s-387B.champsimtrace.xz/content,10.5281/zenodo.10960004,10960004
648.exchange2_s-584B.champsimtrace.xz,648.exchange2,52175900,4488cd35fe6b9b1120cb9ae0f908fa71,,no,https://zenodo.org/api/records/10960004/files/648.exchange2_s-584B.champsimtrace.xz/content,10.5281/zenodo.10960004,10960004
648.exchange2_s-72B.champsimtrace.xz,648.exchange2,60132216,c920d06d96a1c05eca9d37909228d948,,no,https://zenodo.org/api/records/10960004/files/648.exchange2_s-72B.champsimtrace.xz/content,10.5281/zenodo.10960004,10960004
649.fotonik3d_s-10881B.champsimtrace.xz,649.fotonik3d,603114440,f2af0c3103a5c5097fd31d49330a7abc,,no,https://zenodo.org/api/records/10960004/files/649.fotonik3d_s-10881B.champsimtrace.xz/content,10.5281/zenodo.10960004,10960004
649.fotonik3d_s-1176B.champsimtrace.xz,649.fotonik3d,328712224,93afa8aeaab7a63c270e19ac8d27aae3,,no,https://zenodo.org/api/records/10960004/files/649.fotonik3d_s-1176B.champsimtrace.xz/content,10.5281/zenodo.10960004,10960004
649.fotonik3d_s-1B.champsimtrace.xz,649.fotonik3d,25294572,a9ee5d35387f0ceb530b39a79efdb93e,,no,https://zenodo.org/api/records/10960004/files/649.fotonik3d_s-1B.champsimtrace.xz/content,10.5281/zenodo.10960004,10960004
649.fotonik3d_s-7084B.champsimtrace.xz,649.fotonik3d,517382016,d56355509b13d40a70e791063d2c11ff,,no,https://zenodo.org/api/records/10960004/files/649.fotonik3d_s-7084B.champsimtrace.xz/content,10.5281/zenodo.10960004,10960004
649.fotonik3d_s-8225B.champsimtrace.xz,649.fotonik3d,334925224,bdc3123d3eccf83042575552551c9297,,no,https://zenodo.org/api/records/10960004/files/649.fotonik3d_s-8225B.champsimtrace.xz/content,10.5281/zenodo.10960004,10960004
654.roms_s-1007B.champsimtrace.xz,654.roms,280236320,24b6ff49afe981ce0dd2b3363683469b,,no,https://zenodo.org/api/records/10960004/files/654.roms_s-1007B.champsimtrace.xz/content,10.5281/zenodo.10960004,10960004
654.roms_s-1021B.champsimtrace.xz,654.roms,25595268,0039e1b3316c3e747a238730ebf910f0,,no,https://zenodo.org/api/records/10960004/files/654.roms_s-1021B.champsimtrace.xz/content,10.5281/zenodo.10960004,10960004
654.roms_s-1070B.champsimtrace.xz,654.roms,457005616,427575e5825ba9824f6e7f3fd6fcbb0b,,no,https://zenodo.org/api/records/10960004/files/654.roms_s-1070B.champsimtrace.xz/content,10.5281/zenodo.10960004,10960004
654.roms_s-1390B.champsimtrace.xz,654.roms,484677384,af6e34ac1dc6032a7a6b754288bd0d84,,no,https://zenodo.org/api/records/10960004/files/654.roms_s-1390B.champsimtrace.xz/content,10.5281/zenodo.10960004,10960004
654.roms_s-1613B.champsimtrace.xz,654.roms,300641104,7260e465b1c9e135f3df344b8b3ff0be,,no,https://zenodo.org/api/records/10960004/files/654.roms_s-1613B.champsimtrace.xz/content,10.5281/zenodo.10960004,10960004
654.roms_s-293B.champsimtrace.xz,654.roms,315151900,b18a970aee848de8364fcada1d9553e1,,no,https://zenodo.org/api/records/10960004/files/654.roms_s-293B.champsimtrace.xz/content,10.5281/zenodo.10960004,10960004
654.roms_s-294B.champsimtrace.xz,654.roms,148945076,53662b9ec9d8227e0c3356f70c834f19,,no,https://zenodo.org/api/records/10960004/files/654.roms_s-294B.champsimtrace.xz/content,10.5281/zenodo.10960004,10960004
654.roms_s-523B.champsimtrace.xz,654.roms,477771748,65e7789bbfe0c49c4a4077eb8699e3ca,,no,https://zenodo.org/api/records/10960004/files/654.roms_s-523B.champsimtrace.xz/content,10.5281/zenodo.10960004,10960004
654.roms_s-842B.champsimtrace.xz,654.roms,199942064,f60d65d0fd668b853ae0f0d97f33ba9f,,no,https://zenodo.org/api/records/10960004/files/654.roms_s-842B.champsimtrace.xz/content,10.5281/zenodo.10960004,10960004
657.xz_s-2302B.champsimtrace.xz,657.xz,520262744,4a5c15053d01bae6833a8f894167ae16,,no,https://zenodo.org/api/records/10960004/files/657.xz_s-2302B.champsimtrace.xz/content,10.5281/zenodo.10960004,10960004
657.xz_s-3167B.champsimtrace.xz,657.xz,465412108,cac895d9cebc8ac80d8f01c971cbe6d6,,no,https://zenodo.org/api/records/10960004/files/657.xz_s-3167B.champsimtrace.xz/content,10.5281/zenodo.10960004,10960004
657.xz_s-4994B.champsimtrace.xz,657.xz,415214640,4051c2ec2ece9d46828cc361992e22ae,,no,https://zenodo.org/api/records/10960004/files/657.xz_s-4994B.champsimtrace.xz/content,10.5281/zenodo.10960004,10960004
657.xz_s-56B.champsimtrace.xz,657.xz,93790832,5211b1778f2ca3507063f6c08b431a5f,,no,https://zenodo.org/api/records/10960004/files/657.xz_s-56B.champsimtrace.xz/content,10.5281/zenodo.10960004,10960004
